0,0,0,0,0,-0.05,0,0.05,0,
0.000149996,0.000999972,0,0,0,-0.05,0,0.05,0,
0.000149996,0.000999972,0,0,0,-0.0499999,0,0.05,0,
0.000299992,0.00199991,0,0,0,-0.0499997,0,0.05,0,
0.000299992,0.0019999,0,0,0,-0.0499996,0,0.05,0,
0.00112142,0.00747538,0,0,0,-0.0499957,0,0.05,0,
0.00112142,0.00747476,0,0,0,-0.0499957,0,0.05,0,
0.00194285,0.0129475,0,0,0,-0.0499873,0,0.05,0,
0.00194285,0.0129463,0,0,0,-0.0499873,0,0.05,0,
0.00276428,0.0184132,0,0,0,-0.0499744,0,0.05,0,
0.00276428,0.018412,0,0,0,-0.0499744,0,0.05,0,
0.00877833,0.058053,0,0,0,-0.0497436,0,0.05,0,
0.00877833,0.0580262,0,0,0,-0.0497442,0,0.05,0,
0.00673223,0.0446688,0,0,0,-0.049849,0,0.05,0,
0.00673223,0.044657,0,0,0,-0.0498492,0,0.05,0,
0.00355787,0.0236854,0,0,0,-0.0499577,0,0.05,0,
0.00355787,0.0236849,0,0,0,-0.0499577,0,0.05,0,
0.00435146,0.0289473,0,0,0,-0.0499368,0,0.05,0,
0.00435146,0.0289478,0,0,0,-0.0499368,0,0.05,0,
0.00514505,0.0341985,0,0,0,-0.0499117,0,0.05,0,
0.00514505,0.0341985,0,0,0,-0.0499117,0,0.05,0,
0.00593864,0.0394349,0,0,0,-0.0498825,0,0.05,0,
0.00593864,0.0394349,0,0,0,-0.0498825,0,0.05,0,
0.00752583,0.0498557,0,0,0,-0.0498117,0,0.05,0,
0.00752583,0.0498558,0,0,0,-0.0498117,0,0.05,0,
0.00911301,0.0601929,0,0,0,-0.0497243,0,0.05,0,
0.00911301,0.0601929,0,0,0,-0.0497243,0,0.05,0,
0.0107002,0.070429,0,0,0,-0.0496206,0,0.05,0,
0.0107002,0.070429,0,0,0,-0.0496206,0,0.05,0,
0.0122874,0.0805468,0,0,0,-0.0495008,0,0.05,0,
0.0122874,0.0805469,0,0,0,-0.0495008,0,0.05,0,
0.0151319,0.0983302,0,0,0,-0.0492462,0,0.05,0,
0.0151319,0.0983306,0,0,0,-0.0492463,0,0.05,0,
0.0179765,0.115583,0,0,0,-0.0489418,0,0.05,0,
0.0179765,0.115584,0,0,0,-0.0489419,0,0.05,0,
0.020821,0.132214,0,0,0,-0.0485892,0,0.05,0,
0.020821,0.132215,0,0,0,-0.0485893,0,0.05,0,
0.0236656,0.148131,0,0,0,-0.0481903,0,0.05,0,
0.0236656,0.148132,0,0,0,-0.0481904,0,0.05,0,
0.0286272,0.17393,0,0,0,-0.04739,0,0.05,0,
0.0286272,0.173936,0,0,0,-0.0473904,0,0.05,0,
0.0335888,0.19689,0,0,0,-0.0464694,0,0.05,0,
0.0335888,0.19689,0,0,0,-0.0464691,0,0.05,0,
0.0385504,0.216616,0,0,0,-0.0454421,0,0.05,0,
0.0385504,0.216616,0,0,0,-0.0454419,0,0.05,0,
0.043512,0.23279,0,0,0,-0.0443256,0,0.05,0,
0.043512,0.232792,0,0,0,-0.0443255,0,0.05,0,
0.0477332,0.243558,0,0,0,-0.0433191,0,0.05,0,
0.0477332,0.243558,0,0,0,-0.0433191,0,0.05,0,
0.0477332,0.243558,1.34589e-14,0,0,-0.0433191,0,0.05,0,
0.0477332,0.243558,0,1.34589e-14,0,-0.0433191,0,0.05,0,
0.0477332,0.243558,0,0,1.34589e-14,-0.0433191,0,0.05,0,
0.0477332,0.243558,0,0,0,-0.0433191,0,0.05,0,
0.0477332,0.243558,0,0,0,-0.0433191,1.34589e-14,0.05,0,
0.0477332,0.243558,0,0,0,-0.0433191,0,0.05,0,
0.0477332,0.243558,0,0,0,-0.0433191,0,0.05,1.34589e-14,
0.0477332,0.243559,0,0,0,-0.043319,0,0.05,0,
0.0519544,0.251434,0,0,0,-0.0422734,0,0.05,0,
0.0519544,0.251436,0,0,0,-0.0422732,0,0.05,0,
0.0561756,0.256327,0,0,0,-0.0412006,0,0.05,0,
0.0561756,0.256329,0,0,0,-0.0412005,0,0.05,0,
0.0603968,0.258179,0,0,0,-0.0401136,0,0.05,0,
0.0603968,0.25818,0,0,0,-0.0401134,0,0.05,0,
0.064618,0.256966,0,0,0,-0.0390252,0,0.05,0,
0.064618,0.256967,0,0,0,-0.0390251,0,0.05,0,
0.0701903,0.250702,0,0,0,-0.0376084,0,0.05,0,
0.0701903,0.250702,0,0,0,-0.0376084,0,0.05,0,
0.0701903,0.250702,1.25556e-14,0,0,-0.0376084,0,0.05,0,
0.0701903,0.250702,0,1.25556e-14,0,-0.0376084,0,0.05,0,
0.0701903,0.250702,0,0,1.25556e-14,-0.0376084,0,0.05,0,
0.0701903,0.250702,0,0,0,-0.0376084,0,0.05,0,
0.0701903,0.250702,0,0,0,-0.0376084,1.25556e-14,0.05,0,
0.0701903,0.250702,0,0,0,-0.0376084,0,0.05,0,
0.0701903,0.250702,0,0,0,-0.0376084,0,0.05,1.25556e-14,
0.0757626,0.239257,0,0,0,-0.036241,0,0.05,0,
0.0757626,0.239256,0,0,0,-0.0362405,0,0.05,0,
0.081335,0.222868,0,0,0,-0.0349512,0,0.05,0,
0.0869073,0.201873,0,0,0,-0.0337657,0,0.05,0,
0.0869073,0.201868,0,0,0,-0.0337651,0,0.05,0,
0.0924796,0.176705,0,0,0,-0.0327089,0,0.05,0,
0.0914058,0.181854,0,0,0,-0.0329013,0,0.05,0,
0.0959042,0.159385,0,0,0,-0.0321327,0,0.05,0,
0.100403,0.13477,0,0,0,-0.0314703,0,0.05,0,
0.104901,0.108338,0,0,0,-0.0309229,0,0.05,0,
0.1094,0.0804462,0,0,0,-0.0304978,0,0.05,0,
0.114559,0.0471471,0,0,0,-0.0301682,0,0.05,0,
0.119718,0.0130075,0,0,0,-0.0300127,0,0.05,0,
0.124878,-0.0213625,0,0,0,-0.0300341,0,0.05,0,
0.130037,-0.0553494,0,0,0,-0.0302323,0,0.05,0,
0.135196,-0.088353,0,0,0,-0.0306037,0,0.05,0,
0.140356,-0.119792,0,0,0,-0.0311415,0,0.05,0,
0.146365,-0.153702,0,0,0,-0.0319649,0,0.05,0,
0.152375,-0.18392,0,0,0,-0.0329814,0,0.05,0,
0.158385,-0.209718,0,0,0,-0.0341666,0,0.05,0,
0.164395,-0.230475,0,0,0,-0.035492,0,0.05,0,
0.170404,-0.245694,0,0,0,-0.0369258,0,0.05,0,
0.176414,-0.255009,0,0,0,-0.0384333,0,0.05,0,
0.176414,-0.255009,0,0,0,-0.0384333,0,0.05,0,
0.176414,-0.255009,8.95072e-15,0,0,-0.0384333,0,0.05,0,
0.176414,-0.255009,0,8.95072e-15,0,-0.0384333,0,0.05,0,
0.176414,-0.255009,0,0,8.95072e-15,-0.0384333,0,0.05,0,
0.176414,-0.255009,0,0,0,-0.0384333,0,0.05,0,
0.176414,-0.255009,0,0,0,-0.0384333,8.95072e-15,0.05,0,
0.176414,-0.255009,0,0,0,-0.0384333,0,0.05,0,
0.176414,-0.255009,0,0,0,-0.0384333,0,0.05,8.95072e-15,
0.176414,-0.255006,0,0,0,-0.0384334,0,0.05,0,
0.182424,-0.258196,0,0,0,-0.0399786,0,0.05,0,
0.182424,-0.258193,0,0,0,-0.0399786,0,0.05,0,
0.188434,-0.255179,0,0,0,-0.0415243,0,0.05,0,
0.188434,-0.255176,0,0,0,-0.0415243,0,0.05,0,
0.194443,-0.24603,0,0,0,-0.0430334,0,0.05,0,
0.194443,-0.246026,0,0,0,-0.0430334,0,0.05,0,
0.200453,-0.230969,0,0,0,-0.0444696,0,0.05,0,
0.200453,-0.230965,0,0,0,-0.0444696,0,0.05,0,
0.206463,-0.210358,0,0,0,-0.0457984,0,0.05,0,
0.206463,-0.210354,0,0,0,-0.0457984,0,0.05,0,
0.212472,-0.184692,0,0,0,-0.0469878,0,0.05,0,
0.212472,-0.184688,0,0,0,-0.0469878,0,0.05,0,
0.218482,-0.154588,0,0,0,-0.0480094,0,0.05,0,
0.218482,-0.154585,0,0,0,-0.0480093,0,0.05,0,
0.224492,-0.120769,0,0,0,-0.0488384,0,0.05,0,
0.224492,-0.120766,0,0,0,-0.0488383,0,0.05,0,
0.230502,-0.0840487,0,0,0,-0.0494551,0,0.05,0,
0.230502,-0.0840461,0,0,0,-0.049455,0,0.05,0,
0.236511,-0.0453087,0,0,0,-0.0498446,0,0.05,0,
0.236511,-0.0453066,0,0,0,-0.0498444,0,0.05,0,
0.242521,-0.00548011,0,0,0,-0.0499975,0,0.05,0,
0.248531,0.03448,0,0,0,-0.0499101,0,0.05,0,
0.254541,0.0736114,0,0,0,-0.0495846,0,0.05,0,
0.26055,0.110974,0,0,0,-0.0490288,0,0.05,0,
0.26656,0.145669,0,0,0,-0.0482561,0,0.05,0,
0.274324,0.185201,0,0,0,-0.0469674,0,0.05,0,
0.282088,0.217317,0,0,0,-0.0453997,0,0.05,0,
0.282088,0.21731,0,0,0,-0.0453992,0,0.05,0,
0.289853,0.240725,0,0,0,-0.0436156,0,0.05,0,
0.288408,0.237074,0,0,0,-0.0439606,0,0.05,0,
0.294727,0.250534,0,0,0,-0.0424162,0,0.05,0,
0.301047,0.257339,0,0,0,-0.0408078,0,0.05,0,
0.301047,0.257339,0,0,0,-0.0408078,0,0.05,0,
0.301047,0.257339,4.83433e-15,0,0,-0.0408078,0,0.05,0,
0.301047,0.257339,0,4.83433e-15,0,-0.0408078,0,0.05,0,
0.301047,0.257339,0,0,4.83433e-15,-0.0408078,0,0.05,0,
0.301047,0.257339,0,0,0,-0.0408078,0,0.05,0,
0.301047,0.257339,0,0,0,-0.0408078,4.83433e-15,0.05,0,
0.301047,0.257339,0,0,0,-0.0408078,0,0.05,0,
0.301047,0.257339,0,0,0,-0.0408078,0,0.05,4.83433e-15,
0.301047,0.257336,0,0,0,-0.0408078,0,0.05,0,
0.307366,0.257309,0,0,0,-0.0391781,0,0.05,0,
0.307366,0.257305,0,0,0,-0.039178,0,0.05,0,
0.313686,0.250444,0,0,0,-0.0375702,0,0.05,0,
0.313686,0.250439,0,0,0,-0.0375701,0,0.05,0,
0.320006,0.236925,0,0,0,-0.0360267,0,0.05,0,
0.320006,0.236919,0,0,0,-0.0360267,0,0.05,0,
0.326325,0.217111,0,0,0,-0.0345889,0,0.05,0,
0.326325,0.217106,0,0,0,-0.0345889,0,0.05,0,
0.332645,0.191531,0,0,0,-0.0332948,0,0.05,0,
0.332645,0.191526,0,0,0,-0.0332949,0,0.05,0,
0.338964,0.160862,0,0,0,-0.0321789,0,0.05,0,
0.338964,0.160858,0,0,0,-0.032179,0,0.05,0,
0.345284,0.12592,0,0,0,-0.0312707,0,0.05,0,
0.345284,0.125916,0,0,0,-0.0312708,0,0.05,0,
0.351603,0.0876336,0,0,0,-0.0305945,0,0.05,0,
0.351603,0.08763,0,0,0,-0.0305946,0,0.05,0,
0.357923,0.047019,0,0,0,-0.0301681,0,0.05,0,
0.364242,0.00515563,0,0,0,-0.0300029,0,0.05,0,
0.370562,-0.0368445,0,0,0,-0.0301033,0,0.05,0,
0.376881,-0.0778655,0,0,0,-0.0304665,0,0.05,0,
0.384182,-0.12261,0,0,0,-0.0312004,0,0.05,0,
0.391482,-0.163011,0,0,0,-0.032246,0,0.05,0,
0.398782,-0.197637,0,0,0,-0.0335664,0,0.05,0,
0.406082,-0.225262,0,0,0,-0.0351147,0,0.05,0,
0.413383,-0.244907,0,0,0,-0.0368361,0,0.05,0,
0.412161,-0.242207,0,0,0,-0.0365386,0,0.05,0,
0.41824,-0.253196,0,0,0,-0.0380476,0,0.05,0,
0.424319,-0.257963,0,0,0,-0.0396044,0,0.05,0,
0.430397,-0.256389,0,0,0,-0.0411709,0,0.05,0,
0.430397,-0.256389,0,0,0,-0.0411709,0,0.05,0,
0.430397,-0.256389,6.70044e-15,0,0,-0.0411709,0,0.05,0,
0.430397,-0.256389,0,6.70044e-15,0,-0.0411709,0,0.05,0,
0.430397,-0.256389,0,0,6.70044e-15,-0.0411709,0,0.05,0,
0.430397,-0.256389,0,0,0,-0.0411709,0,0.05,0,
0.430397,-0.256389,0,0,0,-0.0411709,6.70044e-15,0.05,0,
0.430397,-0.256389,0,0,0,-0.0411709,0,0.05,0,
0.430397,-0.256389,0,0,0,-0.0411709,0,0.05,6.70044e-15,
0.430397,-0.256385,0,0,0,-0.0411709,0,0.05,0,
0.436476,-0.248511,0,0,0,-0.0427086,0,0.05,0,
0.436476,-0.248507,0,0,0,-0.0427087,0,0.05,0,
0.442555,-0.234524,0,0,0,-0.0441798,0,0.05,0,
0.442555,-0.23452,0,0,0,-0.0441798,0,0.05,0,
0.448634,-0.214772,0,0,0,-0.0455482,0,0.05,0,
0.448634,-0.214768,0,0,0,-0.0455482,0,0.05,0,
0.454712,-0.189739,0,0,0,-0.0467802,0,0.05,0,
0.454712,-0.189736,0,0,0,-0.0467801,0,0.05,0,
0.460791,-0.160043,0,0,0,-0.0478454,0,0.05,0,
0.460791,-0.160039,0,0,0,-0.0478454,0,0.05,0,
0.46687,-0.126412,0,0,0,-0.0487179,0,0.05,0,
0.46687,-0.126409,0,0,0,-0.0487178,0,0.05,0,
0.472949,-0.0896732,0,0,0,-0.049376,0,0.05,0,
0.472949,-0.0896703,0,0,0,-0.0493759,0,0.05,0,
0.479027,-0.0507303,0,0,0,-0.0498036,0,0.05,0,
0.479027,-0.0507279,0,0,0,-0.0498034,0,0.05,0,
0.485106,-0.0105405,0,0,0,-0.0499901,0,0.05,0,
0.491185,0.0299083,0,0,0,-0.0499311,0,0.05,0,
0.497264,0.0696216,0,0,0,-0.049628,0,0.05,0,
0.504459,0.11434,0,0,0,-0.0489643,0,0.05,0,
0.511654,0.155125,0,0,0,-0.0479922,0,0.05,0,
0.518849,0.190571,0,0,0,-0.0467449,0,0.05,0,
0.518849,0.190568,0,0,0,-0.0467445,0,0.05,0,
0.526044,0.219458,0,0,0,-0.0452655,0,0.05,0,
0.533239,0.240794,0,0,0,-0.0436049,0,0.05,0,
0.533239,0.240787,0,0,0,-0.0436046,0,0.05,0,
0.540434,0.25384,0,0,0,-0.0418203,0,0.05,0,
0.547629,0.258153,0,0,0,-0.039973,0,0.05,0,
0.546234,0.258007,0,0,0,-0.0403329,0,0.05,0,
0.552034,0.256399,0,0,0,-0.0388383,0,0.05,0,
0.557834,0.249053,0,0,0,-0.0373696,0,0.05,0,
0.557834,0.249053,0,0,0,-0.0373696,0,0.05,0,
0.557834,0.249053,1.43805e-14,0,0,-0.0373696,0,0.05,0,
0.557834,0.249053,0,1.43805e-14,0,-0.0373696,0,0.05,0,
0.557834,0.249053,0,0,1.43805e-14,-0.0373696,0,0.05,0,
0.557834,0.249053,0,0,0,-0.0373696,0,0.05,0,
0.557834,0.249053,0,0,0,-0.0373696,1.43805e-14,0.05,0,
0.557834,0.249053,0,0,0,-0.0373696,0,0.05,0,
0.557834,0.249053,0,0,0,-0.0373696,0,0.05,1.43805e-14,
0.557834,0.249051,0,0,0,-0.0373696,0,0.05,0,
0.563635,0.236132,0,0,0,-0.0359599,0,0.05,0,
0.563635,0.236129,0,0,0,-0.0359599,0,0.05,0,
0.569435,0.217925,0,0,0,-0.0346407,0,0.05,0,
0.569435,0.217922,0,0,0,-0.0346407,0,0.05,0,
0.575235,0.194839,0,0,0,-0.0334414,0,0.05,0,
0.575235,0.194836,0,0,0,-0.0334414,0,0.05,0,
0.581035,0.167391,0,0,0,-0.0323889,0,0.05,0,
0.581035,0.167388,0,0,0,-0.0323889,0,0.05,0,
0.586836,0.136196,0,0,0,-0.0315068,0,0.05,0,
0.592636,0.101952,0,0,0,-0.0308149,0,0.05,0,
0.598436,0.0654261,0,0,0,-0.0303286,0,0.05,0,
0.604236,0.0274355,0,0,0,-0.0300588,0,0.05,0,
0.610036,-0.0111692,0,0,0,-0.0300115,0,0.05,0,
0.616453,-0.053548,0,0,0,-0.0302196,0,0.05,0,
0.622869,-0.0944604,0,0,0,-0.0306955,0,0.05,0,
0.629286,-0.132786,0,0,0,-0.0314263,0,0.05,0,
0.635702,-0.167475,0,0,0,-0.0323918,0,0.05,0,
0.642119,-0.197578,0,0,0,-0.0335657,0,0.05,0,
0.648535,-0.22227,0,0,0,-0.0349158,0,0.05,0,
0.648535,-0.222267,0,0,0,-0.034916,0,0.05,0,
0.654952,-0.240875,0,0,0,-0.0364051,0,0.05,0,
0.661368,-0.252884,0,0,0,-0.0379929,0,0.05,0,
0.667784,-0.257967,0,0,0,-0.0396356,0,0.05,0,
0.674201,-0.255985,0,0,0,-0.0412882,0,0.05,0,
0.680617,-0.246994,0,0,0,-0.0429056,0,0.05,0,
0.680617,-0.246994,0,0,0,-0.0429056,0,0.05,0,
0.680617,-0.246994,1.75788e-14,0,0,-0.0429056,0,0.05,0,
0.680617,-0.246994,0,1.75788e-14,0,-0.0429056,0,0.05,0,
0.680617,-0.246994,0,0,1.75788e-14,-0.0429056,0,0.05,0,
0.680617,-0.246994,0,0,0,-0.0429056,0,0.05,0,
0.680617,-0.246994,0,0,0,-0.0429056,1.75788e-14,0.05,0,
0.680617,-0.246994,0,0,0,-0.0429056,0,0.05,0,
0.680617,-0.246994,0,0,0,-0.0429056,0,0.05,1.75788e-14,
0.680617,-0.246989,0,0,0,-0.0429057,0,0.05,0,
0.687034,-0.231239,0,0,0,-0.0444434,0,0.05,0,
0.687034,-0.231234,0,0,0,-0.0444434,0,0.05,0,
0.69345,-0.209151,0,0,0,-0.0458595,0,0.05,0,
0.69345,-0.209146,0,0,0,-0.0458595,0,0.05,0,
0.699867,-0.181336,0,0,0,-0.0471152,0,0.05,0,
0.699867,-0.181331,0,0,0,-0.0471151,0,0.05,0,
0.706283,-0.148556,0,0,0,-0.0481759,0,0.05,0,
0.706283,-0.148551,0,0,0,-0.0481758,0,0.05,0,
0.7127,-0.111707,0,0,0,-0.0490128,0,0.05,0,
0.7127,-0.111703,0,0,0,-0.0490127,0,0.05,0,
0.719116,-0.0717998,0,0,0,-0.0496029,0,0.05,0,
0.725533,-0.0299264,0,0,0,-0.04993,0,0.05,0,
0.731949,0.0127663,0,0,0,-0.0499851,0,0.05,0,
0.738365,0.0551091,0,0,0,-0.0497668,0,0.05,0,
0.744782,0.0959425,0,0,0,-0.0492811,0,0.05,0,
0.752676,0.142465,0,0,0,-0.0483368,0,0.05,0,
0.760571,0.18309,0,0,0,-0.0470474,0,0.05,0,
0.768466,0.216133,0,0,0,-0.0454661,0,0.05,0,
0.77636,0.240227,0,0,0,-0.0436583,0,0.05,0,
0.77471,0.235982,0,0,0,-0.0440511,0,0.05,0,
0.780954,0.249708,0,0,0,-0.0425311,0,0.05,0,
0.787199,0.256961,0,0,0,-0.0409458,0,0.05,0,
0.793443,0.257548,0,0,0,-0.039336,0,0.05,0,
0.799687,0.251455,0,0,0,-0.0377434,0,0.05,0,
0.805932,0.238839,0,0,0,-0.0362092,0,0.05,0,
0.812176,0.220029,0,0,0,-0.0347734,0,0.05,0,
0.812176,0.220029,0,0,0,-0.0347734,0,0.05,0,
0.812176,0.220029,3.11979e-14,0,0,-0.0347734,0,0.05,0,
0.812176,0.220029,0,3.11979e-14,0,-0.0347734,0,0.05,0,
0.812176,0.220029,0,0,3.11979e-14,-0.0347734,0,0.05,0,
0.812176,0.220029,0,0,0,-0.0347734,0,0.05,0,
0.812176,0.220029,0,0,0,-0.0347734,3.11979e-14,0.05,0,
0.812176,0.220029,0,0,0,-0.0347734,0,0.05,0,
0.812176,0.220029,0,0,0,-0.0347734,0,0.05,3.11979e-14,
0.812176,0.220024,0,0,0,-0.0347735,0,0.05,0,
0.81842,0.195511,0,0,0,-0.0334733,0,0.05,0,
0.81842,0.195507,0,0,0,-0.0334733,0,0.05,0,
0.824664,0.165923,0,0,0,-0.0323424,0,0.05,0,
0.824664,0.165919,0,0,0,-0.0323424,0,0.05,0,
0.830909,0.132031,0,0,0,-0.0314101,0,0.05,0,
0.830909,0.132027,0,0,0,-0.0314102,0,0.05,0,
0.837153,0.094714,0,0,0,-0.0307007,0,0.05,0,
0.837153,0.0947106,0,0,0,-0.0307008,0,0.05,0,
0.843397,0.0549409,0,0,0,-0.0302324,0,0.05,0,
0.843397,0.054938,0,0,0,-0.0302326,0,0.05,0,
0.849642,0.0137429,0,0,0,-0.0300176,0,0.05,0,
0.849642,0.0137406,0,0,0,-0.0300177,0,0.05,0,
0.855886,-0.0278113,0,0,0,-0.0300616,0,0.05,0,
0.86213,-0.0686439,0,0,0,-0.0303634,0,0.05,0,
0.86924,-0.112909,0,0,0,-0.0310106,0,0.05,0,
0.876349,-0.15338,0,0,0,-0.0319598,0,0.05,0,
0.883459,-0.188697,0,0,0,-0.0331793,0,0.05,0,
0.890569,-0.217673,0,0,0,-0.034628,0,0.05,0,
0.897678,-0.239334,0,0,0,-0.0362572,0,0.05,0,
0.904788,-0.252952,0,0,0,-0.0380122,0,0.05,0,
0.911897,-0.258069,0,0,0,-0.0398339,0,0.05,0,
0.910622,-0.257786,0,0,0,-0.0395049,0,0.05,0,
0.916456,-0.256782,0,0,0,-0.0410088,0,0.05,0,
0.92229,-0.249964,0,0,0,-0.0424898,0,0.05,0,
0.928124,-0.237487,0,0,0,-0.0439144,0,0.05,0,
0.933958,-0.21963,0,0,0,-0.0452503,0,0.05,0,
0.939792,-0.196799,0,0,0,-0.0464674,0,0.05,0,
0.939792,-0.196799,0,0,0,-0.0464674,0,0.05,0,
0.939792,-0.196799,3.66359e-14,0,0,-0.0464674,0,0.05,0,
0.939792,-0.196799,0,3.66359e-14,0,-0.0464674,0,0.05,0,
0.939792,-0.196799,0,0,3.66359e-14,-0.0464674,0,0.05,0,
0.939792,-0.196799,0,0,0,-0.0464674,0,0.05,0,
0.939792,-0.196799,0,0,0,-0.0464674,3.66359e-14,0.05,0,
0.939792,-0.196799,0,0,0,-0.0464674,0,0.05,0,
0.939792,-0.196799,0,0,0,-0.0464674,0,0.05,3.66359e-14,
0.939792,-0.196796,0,0,0,-0.0464673,0,0.05,0,
0.945626,-0.169511,0,0,0,-0.0475379,0,0.05,0,
0.945626,-0.169509,0,0,0,-0.0475379,0,0.05,0,
0.95146,-0.138385,0,0,0,-0.0484377,0,0.05,0,
0.95146,-0.138382,0,0,0,-0.0484377,0,0.05,0,
0.957294,-0.104124,0,0,0,-0.0491465,0,0.05,0,
0.957294,-0.104122,0,0,0,-0.0491464,0,0.05,0,
0.963128,-0.0675051,0,0,0,-0.049648,0,0.05,0,
0.963128,-0.0675031,0,0,0,-0.049648,0,0.05,0,
0.968962,-0.0293575,0,0,0,-0.0499311,0,0.05,0,
0.974796,0.0094548,0,0,0,-0.0499893,0,0.05,0,
0.98063,0.0480528,0,0,0,-0.0498212,0,0.05,0,
0.986464,0.0855624,0,0,0,-0.0494307,0,0.05,0,
0.992298,0.121134,0,0,0,-0.0488266,0,0.05,0,
1.00177,0.172688,0,0,0,-0.0474291,0,0.05,0,
1.00177,0.172688,0,0,0,-0.0474291,0,0.05,0,
1.00177,0.172688,7.4289e-14,0,0,-0.0474291,0,0.05,0,
1.00177,0.172688,0,7.4289e-14,0,-0.0474291,0,0.05,0,
1.00177,0.172688,0,0,7.4289e-14,-0.0474291,0,0.05,0,
1.00177,0.172688,0,0,0,-0.0474291,0,0.05,0,
1.00177,0.172688,0,0,0,-0.0474291,7.4289e-14,0.05,0,
1.00177,0.172688,0,0,0,-0.0474291,0,0.05,0,
1.00177,0.172688,0,0,0,-0.0474291,0,0.05,7.4289e-14,
1.00177,0.172685,0,0,0,-0.0474286,0,0.05,0,
1.01123,0.213978,0,0,0,-0.0455903,0,0.05,0,
1.01123,0.213966,0,0,0,-0.0455889,0,0.05,0,
1.00901,0.205356,0,0,0,-0.0460552,0,0.05,0,
1.01626,0.230852,0,0,0,-0.0444697,0,0.05,0,
1.02351,0.248291,0,0,0,-0.0427282,0,0.05,0,
1.0222,0.245771,0,0,0,-0.043051,0,0.05,0,
1.0222,0.245771,0,0,0,-0.043051,0,0.05,0,
1.0222,0.245771,1.74378e-14,0,0,-0.043051,0,0.05,0,
1.0222,0.245771,0,1.74378e-14,0,-0.043051,0,0.05,0,
1.0222,0.245771,0,0,1.74378e-14,-0.043051,0,0.05,0,
1.0222,0.245771,0,0,0,-0.043051,0,0.05,0,
1.0222,0.245771,0,0,0,-0.043051,1.74378e-14,0.05,0,
1.0222,0.245771,0,0,0,-0.043051,0,0.05,0,
1.0222,0.245771,0,0,0,-0.043051,0,0.05,1.74378e-14,
1.0222,0.245766,0,0,0,-0.0430509,0,0.05,0,
1.02814,0.254919,0,0,0,-0.0415608,0,0.05,0,
1.02814,0.254916,0,0,0,-0.0415608,0,0.05,0,
1.03408,0.258081,0,0,0,-0.0400341,0,0.05,0,
1.03408,0.25808,0,0,0,-0.0400341,0,0.05,0,
1.04002,0.255186,0,0,0,-0.0385067,0,0.05,0,
1.04002,0.255184,0,0,0,-0.0385066,0,0.05,0,
1.04596,0.2463,0,0,0,-0.0370142,0,0.05,0,
1.04596,0.246296,0,0,0,-0.0370142,0,0.05,0,
1.0519,0.23163,0,0,0,-0.0355919,0,0.05,0,
1.0519,0.231626,0,0,0,-0.0355919,0,0.05,0,
1.05784,0.21152,0,0,0,-0.034273,0,0.05,0,
1.05784,0.211517,0,0,0,-0.0342731,0,0.05,0,
1.06378,0.186445,0,0,0,-0.0330887,0,0.05,0,
1.06378,0.186442,0,0,0,-0.0330887,0,0.05,0,
1.06972,0.156992,0,0,0,-0.0320666,0,0.05,0,
1.06972,0.15699,0,0,0,-0.0320667,0,0.05,0,
1.07566,0.123854,0,0,0,-0.0312308,0,0.05,0,
1.07566,0.123851,0,0,0,-0.0312309,0,0.05,0,
1.0816,0.0878072,0,0,0,-0.0306009,0,0.05,0,
1.0816,0.0878047,0,0,0,-0.030601,0,0.05,0,
1.08754,0.049699,0,0,0,-0.0301917,0,0.05,0,
1.09348,0.010424,0,0,0,-0.0300128,0,0.05,0,
1.09943,-0.0290955,0,0,0,-0.0300684,0,0.05,0,
1.10537,-0.0679316,0,0,0,-0.0303572,0,0.05,0,
1.11255,-0.112694,0,0,0,-0.0310079,0,0.05,0,
1.11974,-0.153588,0,0,0,-0.0319673,0,0.05,0,
1.12692,-0.189211,0,0,0,-0.0332025,0,0.05,0,
1.12692,-0.189209,0,0,0,-0.0332029,0,0.05,0,
1.13411,-0.218339,0,0,0,-0.034671,0,0.05,0,
1.14129,-0.239974,0,0,0,-0.0363224,0,0.05,0,
1.14129,-0.239967,0,0,0,-0.0363227,0,0.05,0,
1.14848,-0.253369,0,0,0,-0.0381,0,0.05,0,
1.14848,-0.253369,0,0,0,-0.0381,0,0.05,0,
1.14848,-0.253369,1.30388e-14,0,0,-0.0381,0,0.05,0,
1.14848,-0.253369,0,1.30388e-14,0,-0.0381,0,0.05,0,
1.14848,-0.253369,0,0,1.30388e-14,-0.0381,0,0.05,0,
1.14848,-0.253369,0,0,0,-0.0381,0,0.05,0,
1.14848,-0.253369,0,0,0,-0.0381,1.30388e-14,0.05,0,
1.14848,-0.253369,0,0,0,-0.0381,0,0.05,0,
1.14848,-0.253369,0,0,0,-0.0381,0,0.05,1.30388e-14,
1.14848,-0.253361,0,0,0,-0.0381003,0,0.05,0,
1.15566,-0.258069,0,0,0,-0.0399428,0,0.05,0,
1.15566,-0.25806,0,0,0,-0.039943,0,0.05,0,
1.15431,-0.257857,0,0,0,-0.039594,0,0.05,0,
1.16014,-0.256508,0,0,0,-0.041097,0,0.05,0,
1.16598,-0.249354,0,0,0,-0.0425751,0,0.05,0,
1.17181,-0.236556,0,0,0,-0.0439949,0,0.05,0,
1.17764,-0.218402,0,0,0,-0.0453243,0,0.05,0,
1.18348,-0.195303,0,0,0,-0.0465331,0,0.05,0,
1.18931,-0.167783,0,0,0,-0.0475941,0,0.05,0,
1.19514,-0.136464,0,0,0,-0.0484831,0,0.05,0,
1.20098,-0.102056,0,0,0,-0.04918,0,0.05,0,
1.20681,-0.0653381,0,0,0,-0.0496691,0,0.05,0,
1.21264,-0.0271409,0,0,0,-0.0499393,0,0.05,0,
1.21847,0.0116707,0,0,0,-0.0499845,0,0.05,0,
1.22431,0.0502178,0,0,0,-0.0498036,0,0.05,0,
1.23014,0.0876279,0,0,0,-0.0494008,0,0.05,0,
1.23597,0.123054,0,0,0,-0.0487852,0,0.05,0,
1.24523,0.173234,0,0,0,-0.0474082,0,0.05,0,
1.25448,0.213579,0,0,0,-0.0456108,0,0.05,0,
1.25236,0.205339,0,0,0,-0.046054,0,0.05,0,
1.25949,0.230493,0,0,0,-0.0444947,0,0.05,0,
1.26663,0.247849,0,0,0,-0.0427833,0,0.05,0,
1.27376,0.256819,0,0,0,-0.040978,0,0.05,0,
1.27376,0.256819,0,0,0,-0.040978,0,0.05,0,
1.27376,0.256819,6.62151e-15,0,0,-0.040978,0,0.05,0,
1.27376,0.256819,0,6.62151e-15,0,-0.040978,0,0.05,0,
1.27376,0.256819,0,0,6.62151e-15,-0.040978,0,0.05,0,
1.27376,0.256819,0,0,0,-0.040978,0,0.05,0,
1.27376,0.256819,0,0,0,-0.040978,6.62151e-15,0.05,0,
1.27376,0.256819,0,0,0,-0.040978,0,0.05,0,
1.27376,0.256819,0,0,0,-0.040978,0,0.05,6.62151e-15,
1.27376,0.256811,0,0,0,-0.0409778,0,0.05,0,
1.27247,0.255828,0,0,0,-0.0413101,0,0.05,0,
1.27247,0.255823,0,0,0,-0.04131,0,0.05,0,
1.27831,0.258003,0,0,0,-0.0398072,0,0.05,0,
1.28414,0.254328,0,0,0,-0.0383087,0,0.05,0,
1.28998,0.244886,0,0,0,-0.0368486,0,0.05,0,
1.29582,0.229888,0,0,0,-0.0354599,0,0.05,0,
1.30166,0.209675,0,0,0,-0.0341743,0,0.05,0,
1.3075,0.184707,0,0,0,-0.0330208,0,0.05,0,
1.31334,0.155549,0,0,0,-0.0320256,0,0.05,0,
1.31918,0.122862,0,0,0,-0.0312113,0,0.05,0,
1.32501,0.0873893,0,0,0,-0.0305964,0,0.05,0,
1.33085,0.0499341,0,0,0,-0.0301948,0,0.05,0,
1.33669,0.0113464,0,0,0,-0.0300156,0,0.05,0,
1.34253,-0.0274985,0,0,0,-0.0300628,0,0.05,0,
1.34837,-0.0657195,0,0,0,-0.0303355,0,0.05,0,
1.35421,-0.10245,0,0,0,-0.0308274,0,0.05,0,
1.36338,-0.155157,0,0,0,-0.0320141,0,0.05,0,
1.37255,-0.199207,0,0,0,-0.0336464,0,0.05,0,
1.37084,-0.191775,0,0,0,-0.0333127,0,0.05,0,
1.37831,-0.22129,0,0,0,-0.0348592,0,0.05,0,
1.38577,-0.242614,0,0,0,-0.036596,0,0.05,0,
1.38444,-0.239451,0,0,0,-0.0362755,0,0.05,0,
1.39057,-0.251618,0,0,0,-0.0377848,0,0.05,0,
1.39671,-0.257489,0,0,0,-0.0393495,0,0.05,0,
1.39671,-0.257489,0,0,0,-0.0393495,0,0.05,0,
1.39671,-0.257489,3.77527e-15,0,0,-0.0393495,0,0.05,0,
1.39671,-0.257489,0,3.77527e-15,0,-0.0393495,0,0.05,0,
1.39671,-0.257489,0,0,3.77527e-15,-0.0393495,0,0.05,0,
1.39671,-0.257489,0,0,0,-0.0393495,0,0.05,0,
1.39671,-0.257489,0,0,0,-0.0393495,3.77527e-15,0.05,0,
1.39671,-0.257489,0,0,0,-0.0393495,0,0.05,0,
1.39671,-0.257489,0,0,0,-0.0393495,0,0.05,3.77527e-15,
1.39671,-0.257486,0,0,0,-0.0393495,0,0.05,0,
1.40284,-0.256915,0,0,0,-0.0409304,0,0.05,0,
1.40284,-0.256912,0,0,0,-0.0409304,0,0.05,0,
1.40898,-0.249911,0,0,0,-0.042488,0,0.05,0,
1.40898,-0.249907,0,0,0,-0.0424881,0,0.05,0,
1.41511,-0.236651,0,0,0,-0.0439834,0,0.05,0,
1.41511,-0.236647,0,0,0,-0.0439834,0,0.05,0,
1.42124,-0.217468,0,0,0,-0.045379,0,0.05,0,
1.42124,-0.217464,0,0,0,-0.045379,0,0.05,0,
1.42738,-0.192842,0,0,0,-0.04664,0,0.05,0,
1.42738,-0.192838,0,0,0,-0.04664,0,0.05,0,
1.43351,-0.16339,0,0,0,-0.0477348,0,0.05,0,
1.43351,-0.163386,0,0,0,-0.0477347,0,0.05,0,
1.43964,-0.129848,0,0,0,-0.048636,0,0.05,0,
1.43964,-0.129844,0,0,0,-0.0486359,0,0.05,0,
1.44578,-0.0930556,0,0,0,-0.049321,0,0.05,0,
1.45191,-0.0539346,0,0,0,-0.0497727,0,0.05,0,
1.45805,-0.0134639,0,0,0,-0.0499799,0,0.05,0,
1.46418,0.0273436,0,0,0,-0.0499372,0,0.05,0,
1.47031,0.0674665,0,0,0,-0.0496458,0,0.05,0,
1.47744,0.111891,0,0,0,-0.049005,0,0.05,0,
1.48456,0.152539,0,0,0,-0.0480602,0,0.05,0,
1.49169,0.188038,0,0,0,-0.0468434,0,0.05,0,
1.49882,0.21719,0,0,0,-0.0453955,0,0.05,0,
1.50594,0.23901,0,0,0,-0.0437654,0,0.05,0,
1.51307,0.252761,0,0,0,-0.0420083,0,0.05,0,
1.52019,0.257981,0,0,0,-0.0401835,0,0.05,0,
1.5189,0.257677,0,0,0,-0.0405161,0,0.05,0,
1.52474,0.256755,0,0,0,-0.0390123,0,0.05,0,
1.52474,0.256755,0,0,0,-0.0390123,0,0.05,0,
1.52474,0.256755,5.42717e-15,0,0,-0.0390123,0,0.05,0,
1.52474,0.256755,0,5.42717e-15,0,-0.0390123,0,0.05,0,
1.52474,0.256755,0,0,5.42717e-15,-0.0390123,0,0.05,0,
1.52474,0.256755,0,0,0,-0.0390123,0,0.05,0,
1.52474,0.256755,0,0,0,-0.0390123,5.42717e-15,0.05,0,
1.52474,0.256755,0,0,0,-0.0390123,0,0.05,0,
1.52474,0.256755,0,0,0,-0.0390123,0,0.05,5.42717e-15,
1.52474,0.256753,0,0,0,-0.0390122,0,0.05,0,
1.53057,0.250018,0,0,0,-0.0375308,0,0.05,0,
1.53057,0.250015,0,0,0,-0.0375309,0,0.05,0,
1.53641,0.237616,0,0,0,-0.0361054,0,0.05,0,
1.53641,0.237613,0,0,0,-0.0361054,0,0.05,0,
1.54224,0.219831,0,0,0,-0.0347682,0,0.05,0,
1.54224,0.219827,0,0,0,-0.0347682,0,0.05,0,
1.54808,0.197064,0,0,0,-0.0335496,0,0.05,0,
1.54808,0.197061,0,0,0,-0.0335496,0,0.05,0,
1.55391,0.169832,0,0,0,-0.0324771,0,0.05,0,
1.55391,0.16983,0,0,0,-0.0324771,0,0.05,0,
1.55975,0.138753,0,0,0,-0.031575,0,0.05,0,
1.55975,0.13875,0,0,0,-0.0315751,0,0.05,0,
1.56558,0.10453,0,0,0,-0.0308639,0,0.05,0,
1.56558,0.104527,0,0,0,-0.030864,0,0.05,0,
1.57142,0.0679384,0,0,0,-0.0303598,0,0.05,0,
1.57142,0.0679364,0,0,0,-0.0303598,0,0.05,0,
1.57725,0.0298077,0,0,0,-0.030074,0,0.05,0,
1.58309,-0.00899814,0,0,0,-0.0300132,0,0.05,0,
1.58893,-0.0476,0,0,0,-0.0301787,0,0.05,0,
1.59476,-0.0851232,0,0,0,-0.0305667,0,0.05,0,
1.6006,-0.120718,0,0,0,-0.0311684,0,0.05,0,
1.61004,-0.17218,0,0,0,-0.0325575,0,0.05,0,
1.61004,-0.17218,0,0,0,-0.0325575,0,0.05,0,
1.61004,-0.17218,7.42371e-14,0,0,-0.0325575,0,0.05,0,
1.61004,-0.17218,0,7.42371e-14,0,-0.0325575,0,0.05,0,
1.61004,-0.17218,0,0,7.42371e-14,-0.0325575,0,0.05,0,
1.61004,-0.17218,0,0,0,-0.0325575,0,0.05,0,
1.61004,-0.17218,0,0,0,-0.0325575,7.42371e-14,0.05,0,
1.61004,-0.17218,0,0,0,-0.0325575,0,0.05,0,
1.61004,-0.17218,0,0,0,-0.0325575,0,0.05,7.42371e-14,
1.61004,-0.172177,0,0,0,-0.032558,0,0.05,0,
1.61948,-0.213467,0,0,0,-0.0343861,0,0.05,0,
1.61948,-0.213456,0,0,0,-0.0343874,0,0.05,0,
1.61729,-0.204934,0,0,0,-0.0339285,0,0.05,0,
1.62454,-0.230523,0,0,0,-0.0355119,0,0.05,0,
1.63179,-0.248062,0,0,0,-0.037252,0,0.05,0,
1.63048,-0.245527,0,0,0,-0.0369299,0,0.05,0,
1.63048,-0.245527,0,0,0,-0.0369299,0,0.05,0,
1.63048,-0.245527,1.75641e-14,0,0,-0.0369299,0,0.05,0,
1.63048,-0.245527,0,1.75641e-14,0,-0.0369299,0,0.05,0,
1.63048,-0.245527,0,0,1.75641e-14,-0.0369299,0,0.05,0,
1.63048,-0.245527,0,0,0,-0.0369299,0,0.05,0,
1.63048,-0.245527,0,0,0,-0.0369299,1.75641e-14,0.05,0,
1.63048,-0.245527,0,0,0,-0.0369299,0,0.05,0,
1.63048,-0.245527,0,0,0,-0.0369299,0,0.05,1.75641e-14,
1.63048,-0.245523,0,0,0,-0.03693,0,0.05,0,
1.63643,-0.254758,0,0,0,-0.0384199,0,0.05,0,
1.63643,-0.254755,0,0,0,-0.0384199,0,0.05,0,
1.64237,-0.257998,0,0,0,-0.039947,0,0.05,0,
1.64237,-0.257997,0,0,0,-0.039947,0,0.05,0,
1.64831,-0.255175,0,0,0,-0.0414752,0,0.05,0,
1.64831,-0.255172,0,0,0,-0.0414753,0,0.05,0,
1.65426,-0.246352,0,0,0,-0.0429689,0,0.05,0,
1.65426,-0.246348,0,0,0,-0.0429689,0,0.05,0,
1.6602,-0.231735,0,0,0,-0.0443927,0,0.05,0,
1.6602,-0.231731,0,0,0,-0.0443927,0,0.05,0,
1.66615,-0.211669,0,0,0,-0.0457132,0,0.05,0,
1.66615,-0.211666,0,0,0,-0.0457132,0,0.05,0,
1.67209,-0.186627,0,0,0,-0.0468994,0,0.05,0,
1.67209,-0.186624,0,0,0,-0.0468994,0,0.05,0,
1.67804,-0.157197,0,0,0,-0.0479233,0,0.05,0,
1.67804,-0.157194,0,0,0,-0.0479233,0,0.05,0,
1.68398,-0.124071,0,0,0,-0.048761,0,0.05,0,
1.68398,-0.124069,0,0,0,-0.0487609,0,0.05,0,
1.68993,-0.0880281,0,0,0,-0.0493926,0,0.05,0,
1.68993,-0.0880256,0,0,0,-0.0493926,0,0.05,0,
1.69587,-0.0499152,0,0,0,-0.0498034,0,0.05,0,
1.69587,-0.0499131,0,0,0,-0.0498033,0,0.05,0,
1.70182,-0.0106288,0,0,0,-0.0499837,0,0.05,0,
1.70182,-0.0106272,0,0,0,-0.0499836,0,0.05,0,
1.70776,0.0289073,0,0,0,-0.0499293,0,0.05,0,
1.70776,0.0289084,0,0,0,-0.0499292,0,0.05,0,
1.71371,0.0677635,0,0,0,-0.0496414,0,0.05,0,
1.71371,0.0677642,0,0,0,-0.0496412,0,0.05,0,
1.72089,0.112494,0,0,0,-0.0489923,0,0.05,0,
1.72807,0.153369,0,0,0,-0.0480351,0,0.05,0,
1.72807,0.153368,0,0,0,-0.0480347,0,0.05,0,
1.73525,0.188985,0,0,0,-0.0468023,0,0.05,0,
1.74243,0.218125,0,0,0,-0.0453363,0,0.05,0,
1.74243,0.21812,0,0,0,-0.0453359,0,0.05,0,
1.74961,0.239785,0,0,0,-0.0436874,0,0.05,0,
1.75679,0.253227,0,0,0,-0.0419121,0,0.05,0,
1.75679,0.253227,0,0,0,-0.0419121,0,0.05,0,
1.75679,0.253227,1.31155e-14,0,0,-0.0419121,0,0.05,0,
1.75679,0.253227,0,1.31155e-14,0,-0.0419121,0,0.05,0,
1.75679,0.253227,0,0,1.31155e-14,-0.0419121,0,0.05,0,
1.75679,0.253227,0,0,0,-0.0419121,0,0.05,0,
1.75679,0.253227,0,0,0,-0.0419121,1.31155e-14,0.05,0,
1.75679,0.253227,0,0,0,-0.0419121,0,0.05,0,
1.75679,0.253227,0,0,0,-0.0419121,0,0.05,1.31155e-14,
1.75679,0.253218,0,0,0,-0.0419118,0,0.05,0,
1.7555,0.251431,0,0,0,-0.042239,0,0.05,0,
1.7555,0.251426,0,0,0,-0.0422388,0,0.05,0,
1.76138,0.257281,0,0,0,-0.0407391,0,0.05,0,
1.76727,0.257204,0,0,0,-0.0392222,0,0.05,0,
1.77315,0.251201,0,0,0,-0.0377233,0,0.05,0,
1.77315,0.251198,0,0,0,-0.0377232,0,0.05,0,
1.77904,0.239407,0,0,0,-0.0362768,0,0.05,0,
1.78492,0.222096,0,0,0,-0.0349162,0,0.05,0,
1.79081,0.199666,0,0,0,-0.0336727,0,0.05,0,
1.79669,0.172635,0,0,0,-0.032575,0,0.05,0,
1.80258,0.141626,0,0,0,-0.0316485,0,0.05,0,
1.80846,0.107352,0,0,0,-0.0309145,0,0.05,0,
1.81435,0.0706046,0,0,0,-0.0303898,0,0.05,0,
1.82023,0.0322301,0,0,0,-0.0300866,0,0.05,0,
1.82612,-0.006887,0,0,0,-0.0300119,0,0.05,0,
1.832,-0.0458452,0,0,0,-0.0301674,0,0.05,0,
1.83789,-0.0837467,0,0,0,-0.0305495,0,0.05,0,
1.84568,-0.130816,0,0,0,-0.0313881,0,0.05,0,
1.85347,-0.172609,0,0,0,-0.032574,0,0.05,0,
1.86126,-0.20744,0,0,0,-0.0340596,0,0.05,0,
1.86906,-0.233904,0,0,0,-0.0357849,0,0.05,0,
1.86759,-0.229608,0,0,0,-0.0354447,0,0.05,0,
1.87391,-0.245667,0,0,0,-0.0369509,0,0.05,0,
1.88023,-0.255196,0,0,0,-0.0385379,0,0.05,0,
1.88023,-0.255196,0,0,0,-0.0385379,0,0.05,0,
1.88023,-0.255196,8.7887e-15,0,0,-0.0385379,0,0.05,0,
1.88023,-0.255196,0,8.7887e-15,0,-0.0385379,0,0.05,0,
1.88023,-0.255196,0,0,8.7887e-15,-0.0385379,0,0.05,0,
1.88023,-0.255196,0,0,0,-0.0385379,0,0.05,0,
1.88023,-0.255196,0,0,0,-0.0385379,8.7887e-15,0.05,0,
1.88023,-0.255196,0,0,0,-0.0385379,0,0.05,0,
1.88023,-0.255196,0,0,0,-0.0385379,0,0.05,8.7887e-15,
1.88023,-0.255193,0,0,0,-0.038538,0,0.05,0,
1.88656,-0.257938,0,0,0,-0.0401638,0,0.05,0,
1.88656,-0.257934,0,0,0,-0.0401638,0,0.05,0,
1.89288,-0.25382,0,0,0,-0.0417853,0,0.05,0,
1.89288,-0.253816,0,0,0,-0.0417854,0,0.05,0,
1.8992,-0.242952,0,0,0,-0.0433593,0,0.05,0,
1.8992,-0.242948,0,0,0,-0.0433594,0,0.05,0,
1.90552,-0.225623,0,0,0,-0.044844,0,0.05,0,
1.90552,-0.225618,0,0,0,-0.044844,0,0.05,0,
1.91185,-0.202294,0,0,0,-0.0461999,0,0.05,0,
1.91185,-0.202289,0,0,0,-0.0461999,0,0.05,0,
1.91817,-0.173585,0,0,0,-0.0473909,0,0.05,0,
1.91817,-0.17358,0,0,0,-0.0473908,0,0.05,0,
1.92449,-0.140259,0,0,0,-0.0483853,0,0.05,0,
1.93082,-0.103204,0,0,0,-0.0491567,0,0.05,0,
1.93714,-0.063404,0,0,0,-0.0496845,0,0.05,0,
1.94346,-0.0219182,0,0,0,-0.0499549,0,0.05,0,
1.94979,0.0201502,0,0,0,-0.0499604,0,0.05,0,
1.95611,0.0616825,0,0,0,-0.0497011,0,0.05,0,
1.96243,0.101574,0,0,0,-0.0491838,0,0.05,0,
1.96875,0.138764,0,0,0,-0.0484222,0,0.05,0,
1.97508,0.172264,0,0,0,-0.0474367,0,0.05,0,
1.98216,0.204316,0,0,0,-0.0460991,0,0.05,0,
1.98925,0.229553,0,0,0,-0.0445581,0,0.05,0,
1.99633,0.247129,0,0,0,-0.0428649,0,0.05,0,
2.00341,0.25646,0,0,0,-0.0410761,0,0.05,0,
2.00221,0.255472,0,0,0,-0.0413838,0,0.05,0,
2.00809,0.257934,0,0,0,-0.039871,0,0.05,0,
2.00809,0.257934,0,0,0,-0.039871,0,0.05,0,
2.00809,0.257934,2.58779e-15,0,0,-0.039871,0,0.05,0,
2.00809,0.257934,0,2.58779e-15,0,-0.039871,0,0.05,0,
2.00809,0.257934,0,0,2.58779e-15,-0.039871,0,0.05,0,
2.00809,0.257934,0,0,0,-0.039871,0,0.05,0,
2.00809,0.257934,0,0,0,-0.039871,2.58779e-15,0.05,0,
2.00809,0.257934,0,0,0,-0.039871,0,0.05,0,
2.00809,0.257934,0,0,0,-0.039871,0,0.05,2.58779e-15,
2.00809,0.257932,0,0,0,-0.039871,0,0.05,0,
2.01397,0.254461,0,0,0,-0.0383612,0,0.05,0,
2.01397,0.254458,0,0,0,-0.0383612,0,0.05,0,
2.01986,0.245131,0,0,0,-0.0368892,0,0.05,0,
2.01986,0.245128,0,0,0,-0.0368892,0,0.05,0,
2.02574,0.230158,0,0,0,-0.0354888,0,0.05,0,
2.02574,0.230155,0,0,0,-0.0354887,0,0.05,0,
2.03162,0.209888,0,0,0,-0.0341922,0,0.05,0,
2.03162,0.209884,0,0,0,-0.0341922,0,0.05,0,
2.0375,0.184786,0,0,0,-0.0330292,0,0.05,0,
2.0375,0.184783,0,0,0,-0.0330293,0,0.05,0,
2.04338,0.15543,0,0,0,-0.0320268,0,0.05,0,
2.04338,0.155427,0,0,0,-0.0320269,0,0.05,0,
2.04926,0.122497,0,0,0,-0.0312079,0,0.05,0,
2.04926,0.122495,0,0,0,-0.031208,0,0.05,0,
2.05515,0.0867447,0,0,0,-0.0305914,0,0.05,0,
2.05515,0.0867424,0,0,0,-0.0305915,0,0.05,0,
2.06103,0.0489954,0,0,0,-0.0301915,0,0.05,0,
2.06691,0.0101185,0,0,0,-0.0300173,0,0.05,0,
2.07279,-0.0289911,0,0,0,-0.0300729,0,0.05,0,
2.07867,-0.0674333,0,0,0,-0.0303571,0,0.05,0,
2.08455,-0.104323,0,0,0,-0.0308632,0,0.05,0,
2.09399,-0.158165,0,0,0,-0.0321078,0,0.05,0,
2.09399,-0.158165,0,0,0,-0.0321078,0,0.05,0,
2.09399,-0.158165,7.9881e-14,0,0,-0.0321078,0,0.05,0,
2.09399,-0.158165,0,7.9881e-14,0,-0.0321078,0,0.05,0,
2.09399,-0.158165,0,0,7.9881e-14,-0.0321078,0,0.05,0,
2.09399,-0.158165,0,0,0,-0.0321078,0,0.05,0,
2.09399,-0.158165,0,0,0,-0.0321078,7.9881e-14,0.05,0,
2.09399,-0.158165,0,0,0,-0.0321078,0,0.05,0,
2.09399,-0.158165,0,0,0,-0.0321078,0,0.05,7.9881e-14,
2.09399,-0.158163,0,0,0,-0.0321083,0,0.05,0,
2.10343,-0.202663,0,0,0,-0.0338184,0,0.05,0,
2.10343,-0.202654,0,0,0,-0.0338199,0,0.05,0,
2.10154,-0.194629,0,0,0,-0.0334432,0,0.05,0,
2.10909,-0.223722,0,0,0,-0.0350271,0,0.05,0,
2.11664,-0.24435,0,0,0,-0.0367993,0,0.05,0,
2.11511,-0.240914,0,0,0,-0.0364304,0,0.05,0,
2.11511,-0.240914,0,0,0,-0.0364304,0,0.05,0,
2.11511,-0.240914,2.08177e-14,0,0,-0.0364304,0,0.05,0,
2.11511,-0.240914,0,2.08177e-14,0,-0.0364304,0,0.05,0,
2.11511,-0.240914,0,0,2.08177e-14,-0.0364304,0,0.05,0,
2.11511,-0.240914,0,0,0,-0.0364304,0,0.05,0,
2.11511,-0.240914,0,0,0,-0.0364304,2.08177e-14,0.05,0,
2.11511,-0.240914,0,0,0,-0.0364304,0,0.05,0,
2.11511,-0.240914,0,0,0,-0.0364304,0,0.05,2.08177e-14,
2.11511,-0.240909,0,0,0,-0.0364306,0,0.05,0,
2.12114,-0.252284,0,0,0,-0.0379196,0,0.05,0,
2.12114,-0.252281,0,0,0,-0.0379196,0,0.05,0,
2.12717,-0.257559,0,0,0,-0.0394589,0,0.05,0,
2.13319,-0.256613,0,0,0,-0.0410113,0,0.05,0,
2.13319,-0.25661,0,0,0,-0.0410114,0,0.05,0,
2.13922,-0.249466,0,0,0,-0.0425393,0,0.05,0,
2.13922,-0.249462,0,0,0,-0.0425393,0,0.05,0,
2.14525,-0.236291,0,0,0,-0.0440059,0,0.05,0,
2.14525,-0.236287,0,0,0,-0.0440059,0,0.05,0,
2.15127,-0.217406,0,0,0,-0.0453757,0,0.05,0,
2.15127,-0.217403,0,0,0,-0.0453757,0,0.05,0,
2.1573,-0.193269,0,0,0,-0.0466157,0,0.05,0,
2.1573,-0.193266,0,0,0,-0.0466156,0,0.05,0,
2.16332,-0.164462,0,0,0,-0.0476957,0,0.05,0,
2.16332,-0.164459,0,0,0,-0.0476957,0,0.05,0,
2.16935,-0.131682,0,0,0,-0.0485898,0,0.05,0,
2.16935,-0.131679,0,0,0,-0.0485898,0,0.05,0,
2.17538,-0.0957197,0,0,0,-0.0492764,0,0.05,0,
2.1814,-0.0574448,0,0,0,-0.0497388,0,0.05,0,
2.18743,-0.0177822,0,0,0,-0.0499659,0,0.05,0,
2.19346,0.0223099,0,0,0,-0.0499522,0,0.05,0,
2.19948,0.0618628,0,0,0,-0.0496981,0,0.05,0,
2.2065,0.105965,0,0,0,-0.0491078,0,0.05,0,
2.21351,0.146599,0,0,0,-0.0482194,0,0.05,0,
2.22053,0.182435,0,0,0,-0.0470619,0,0.05,0,
2.22755,0.212301,0,0,0,-0.0456732,0,0.05,0,
2.23456,0.235217,0,0,0,-0.0440989,0,0.05,0,
2.24158,0.250435,0,0,0,-0.0423905,0,0.05,0,
2.24158,0.250435,0,0,0,-0.0423905,0,0.05,0,
2.24158,0.250435,1.60801e-14,0,0,-0.0423905,0,0.05,0,
2.24158,0.250435,0,1.60801e-14,0,-0.0423905,0,0.05,0,
2.24158,0.250435,0,0,1.60801e-14,-0.0423905,0,0.05,0,
2.24158,0.250435,0,0,0,-0.0423905,0,0.05,0,
2.24158,0.250435,0,0,0,-0.0423905,1.60801e-14,0.05,0,
2.24158,0.250435,0,0,0,-0.0423905,0,0.05,0,
2.24158,0.250435,0,0,0,-0.0423905,0,0.05,1.60801e-14,
2.24158,0.250428,0,0,0,-0.0423903,0,0.05,0,
2.2486,0.257456,0,0,0,-0.0406039,0,0.05,0,
2.2486,0.257448,0,0,0,-0.0406037,0,0.05,0,
2.25561,0.256051,0,0,0,-0.0387975,0,0.05,0,
2.25435,0.256925,0,0,0,-0.0391218,0,0.05,0,
2.2601,0.250739,0,0,0,-0.0376591,0,0.05,0,
2.26585,0.239034,0,0,0,-0.0362479,0,0.05,0,
2.2716,0.222069,0,0,0,-0.0349194,0,0.05,0,
2.27735,0.200214,0,0,0,-0.0337028,0,0.05,0,
2.28311,0.173952,0,0,0,-0.0326247,0,0.05,0,
2.28886,0.14386,0,0,0,-0.0317091,0,0.05,0,
2.29461,0.110601,0,0,0,-0.0309759,0,0.05,0,
2.30036,0.0749075,0,0,0,-0.0304415,0,0.05,0,
2.30611,0.0375651,0,0,0,-0.0301174,0,0.05,0,
2.31187,-0.000604163,0,0,0,-0.0300109,0,0.05,0,
2.31762,-0.03876,0,0,0,-0.0301244,0,0.05,0,
2.32431,-0.0820327,0,0,0,-0.0305296,0,0.05,0,
2.331,-0.122861,0,0,0,-0.0312171,0,0.05,0,
2.3377,-0.160029,0,0,0,-0.0321662,0,0.05,0,
2.34439,-0.192428,0,0,0,-0.0333488,0,0.05,0,
2.35109,-0.219094,0,0,0,-0.0347296,0,0.05,0,
2.35778,-0.239231,0,0,0,-0.0362674,0,0.05,0,
2.36447,-0.252239,0,0,0,-0.0379164,0,0.05,0,
2.36447,-0.252239,0,0,0,-0.0379164,0,0.05,0,
2.36447,-0.252239,1.3328e-14,0,0,-0.0379164,0,0.05,0,
2.36447,-0.252239,0,1.3328e-14,0,-0.0379164,0,0.05,0,
2.36447,-0.252239,0,0,1.3328e-14,-0.0379164,0,0.05,0,
2.36447,-0.252239,0,0,0,-0.0379164,0,0.05,0,
2.36447,-0.252239,0,0,0,-0.0379164,1.3328e-14,0.05,0,
2.36447,-0.252239,0,0,0,-0.0379164,0,0.05,0,
2.36447,-0.252239,0,0,0,-0.0379164,0,0.05,1.3328e-14,
2.36447,-0.252234,0,0,0,-0.0379166,0,0.05,0,
2.37117,-0.257732,0,0,0,-0.0396275,0,0.05,0,
2.37117,-0.257726,0,0,0,-0.0396276,0,0.05,0,
2.37786,-0.255545,0,0,0,-0.0413496,0,0.05,0,
2.38455,-0.245744,0,0,0,-0.0430316,0,0.05,0,
2.39125,-0.228621,0,0,0,-0.0446232,0,0.05,0,
2.39794,-0.204686,0,0,0,-0.046077,0,0.05,0,
2.40463,-0.174652,0,0,0,-0.0473497,0,0.05,0,
2.41133,-0.139415,0,0,0,-0.0484034,0,0.05,0,
2.41802,-0.100023,0,0,0,-0.0492068,0,0.05,0,
2.42472,-0.0576519,0,0,0,-0.0497358,0,0.05,0,
2.43141,-0.0135631,0,0,0,-0.0499747,0,0.05,0,
2.4381,0.0309295,0,0,0,-0.0499164,0,0.05,0,
2.4448,0.0745001,0,0,0,-0.0495626,0,0.05,0,
2.45149,0.11585,0,0,0,-0.0489239,0,0.05,0,
2.45818,0.153749,0,0,0,-0.0480193,0,0.05,0,
2.4661,0.192589,0,0,0,-0.0466432,0,0.05,0,
2.47402,0.223406,0,0,0,-0.0449904,0,0.05,0,
2.47262,0.218599,0,0,0,-0.0452998,0,0.05,0,
2.47914,0.238429,0,0,0,-0.0438066,0,0.05,0,
2.48566,0.251524,0,0,0,-0.0422058,0,0.05,0,
2.49218,0.25751,0,0,0,-0.0405428,0,0.05,0,
2.4987,0.256218,0,0,0,-0.0388645,0,0.05,0,
2.4987,0.256218,0,0,0,-0.0388645,0,0.05,0,
2.4987,0.256218,6.97024e-15,0,0,-0.0388645,0,0.05,0,
2.4987,0.256218,0,6.97024e-15,0,-0.0388645,0,0.05,0,
2.4987,0.256218,0,0,6.97024e-15,-0.0388645,0,0.05,0,
2.4987,0.256218,0,0,0,-0.0388645,0,0.05,0,
2.4987,0.256218,0,0,0,-0.0388645,6.97024e-15,0.05,0,
2.4987,0.256218,0,0,0,-0.0388645,0,0.05,0,
2.4987,0.256218,0,0,0,-0.0388645,0,0.05,6.97024e-15,
2.4987,0.256213,0,0,0,-0.0388644,0,0.05,0,
2.50521,0.247686,0,0,0,-0.0372183,0,0.05,0,
2.50521,0.24768,0,0,0,-0.0372182,0,0.05,0,
2.51173,0.232153,0,0,0,-0.0356507,0,0.05,0,
2.51173,0.232148,0,0,0,-0.0356507,0,0.05,0,
2.51825,0.210061,0,0,0,-0.034206,0,0.05,0,
2.51825,0.210055,0,0,0,-0.034206,0,0.05,0,
2.52477,0.182031,0,0,0,-0.032925,0,0.05,0,
2.52477,0.182026,0,0,0,-0.0329251,0,0.05,0,
2.53129,0.148858,0,0,0,-0.0318441,0,0.05,0,
2.53129,0.148853,0,0,0,-0.0318442,0,0.05,0,
2.53781,0.111478,0,0,0,-0.0309936,0,0.05,0,
2.53781,0.111474,0,0,0,-0.0309937,0,0.05,0,
2.54432,0.0709483,0,0,0,-0.0303976,0,0.05,0,
2.54432,0.0709442,0,0,0,-0.0303978,0,0.05,0,
2.55084,0.0284135,0,0,0,-0.030073,0,0.05,0,
2.55084,0.0284101,0,0,0,-0.0300732,0,0.05,0,
2.55736,-0.014924,0,0,0,-0.030029,0,0.05,0,
2.56388,-0.0578394,0,0,0,-0.0302668,0,0.05,0,
2.5704,-0.0991199,0,0,0,-0.0307796,0,0.05,0,
2.57692,-0.137599,0,0,0,-0.031553,0,0.05,0,
2.58344,-0.172189,0,0,0,-0.0325651,0,0.05,0,
2.58995,-0.201913,0,0,0,-0.0337873,0,0.05,0,
2.59647,-0.22593,0,0,0,-0.0351851,0,0.05,0,
2.60299,-0.243562,0,0,0,-0.0367189,0,0.05,0,
2.60951,-0.254311,0,0,0,-0.0383454,0,0.05,0,
2.61603,-0.257873,0,0,0,-0.0400187,0,0.05,0,
2.62255,-0.254147,0,0,0,-0.0416915,0,0.05,0,
2.62907,-0.243239,0,0,0,-0.0433165,0,0.05,0,
2.62907,-0.243239,0,0,0,-0.0433165,0,0.05,0,
2.62907,-0.243239,2.04133e-14,0,0,-0.0433165,0,0.05,0,
2.62907,-0.243239,0,2.04133e-14,0,-0.0433165,0,0.05,0,
2.62907,-0.243239,0,0,2.04133e-14,-0.0433165,0,0.05,0,
2.62907,-0.243239,0,0,0,-0.0433165,0,0.05,0,
2.62907,-0.243239,0,0,0,-0.0433165,2.04133e-14,0.05,0,
2.62907,-0.243239,0,0,0,-0.0433165,0,0.05,0,
2.62907,-0.243239,0,0,0,-0.0433165,0,0.05,2.04133e-14,
2.62907,-0.243234,0,0,0,-0.0433165,0,0.05,0,
2.63558,-0.225457,0,0,0,-0.0448477,0,0.05,0,
2.63558,-0.225451,0,0,0,-0.0448477,0,0.05,0,
2.6421,-0.201303,0,0,0,-0.0462419,0,0.05,0,
2.6421,-0.201298,0,0,0,-0.0462418,0,0.05,0,
2.64862,-0.171461,0,0,0,-0.0474597,0,0.05,0,
2.64862,-0.171456,0,0,0,-0.0474596,0,0.05,0,
2.65514,-0.136773,0,0,0,-0.0484666,0,0.05,0,
2.65514,-0.136768,0,0,0,-0.0484665,0,0.05,0,
2.66166,-0.0982205,0,0,0,-0.0492343,0,0.05,0,
2.66818,-0.0568922,0,0,0,-0.049741,0,0.05,0,
2.67469,-0.0139564,0,0,0,-0.0499725,0,0.05,0,
2.68121,0.0293736,0,0,0,-0.049922,0,0.05,0,
2.68773,0.0718731,0,0,0,-0.0495912,0,0.05,0,
2.69425,0.112341,0,0,0,-0.0489894,0,0.05,0,
2.70077,0.149634,0,0,0,-0.0481335,0,0.05,0,
2.70875,0.189436,0,0,0,-0.0467758,0,0.05,0,
2.71673,0.221225,0,0,0,-0.0451315,0,0.05,0,
2.71533,0.216279,0,0,0,-0.0454382,0,0.05,0,
2.7219,0.236896,0,0,0,-0.0439442,0,0.05,0,
2.72848,0.250699,0,0,0,-0.0423367,0,0.05,0,
2.73506,0.257289,0,0,0,-0.040662,0,0.05,0,
2.74164,0.256476,0,0,0,-0.0389683,0,0.05,0,
2.74821,0.248283,0,0,0,-0.0373043,0,0.05,0,
2.75479,0.232947,0,0,0,-0.0357179,0,0.05,0,
2.76137,0.210908,0,0,0,-0.0342547,0,0.05,0,
2.76137,0.210908,0,0,0,-0.0342547,0,0.05,0,
2.76137,0.210908,3.62965e-14,0,0,-0.0342547,0,0.05,0,
2.76137,0.210908,0,3.62965e-14,0,-0.0342547,0,0.05,0,
2.76137,0.210908,0,0,3.62965e-14,-0.0342547,0,0.05,0,
2.76137,0.210908,0,0,0,-0.0342547,0,0.05,0,
2.76137,0.210908,0,0,0,-0.0342547,3.62965e-14,0.05,0,
2.76137,0.210908,0,0,0,-0.0342547,0,0.05,0,
2.76137,0.210908,0,0,0,-0.0342547,0,0.05,3.62965e-14,
2.76137,0.210902,0,0,0,-0.0342547,0,0.05,0,
2.76795,0.182801,0,0,0,-0.0329568,0,0.05,0,
2.76795,0.182795,0,0,0,-0.0329569,0,0.05,0,
2.77452,0.149435,0,0,0,-0.0318616,0,0.05,0,
2.77452,0.149429,0,0,0,-0.0318617,0,0.05,0,
2.7811,0.111769,0,0,0,-0.0310005,0,0.05,0,
2.78768,0.0708876,0,0,0,-0.0303984,0,0.05,0,
2.79425,0.027967,0,0,0,-0.0300725,0,0.05,0,
2.80083,-0.0157579,0,0,0,-0.0300323,0,0.05,0,
2.80741,-0.0590292,0,0,0,-0.0302789,0,0.05,0,
2.81399,-0.100602,0,0,0,-0.0308052,0,0.05,0,
2.82056,-0.139279,0,0,0,-0.031596,0,0.05,0,
2.82714,-0.173949,0,0,0,-0.0326286,0,0.05,0,
2.83372,-0.203614,0,0,0,-0.0338734,0,0.05,0,
2.8403,-0.22742,0,0,0,-0.0352943,0,0.05,0,
2.84687,-0.244682,0,0,0,-0.0368507,0,0.05,0,
2.85345,-0.254905,0,0,0,-0.0384977,0,0.05,0,
2.86003,-0.257792,0,0,0,-0.0401879,0,0.05,0,
2.86661,-0.253263,0,0,0,-0.0418726,0,0.05,0,
2.87318,-0.241446,0,0,0,-0.0435035,0,0.05,0,
2.87976,-0.222683,0,0,0,-0.0450336,0,0.05,0,
2.88634,-0.197513,0,0,0,-0.0464188,0,0.05,0,
2.89292,-0.16666,0,0,0,-0.0476193,0,0.05,0,
2.89292,-0.16666,0,0,0,-0.0476193,0,0.05,0,
2.89292,-0.16666,4.95598e-14,0,0,-0.0476193,0,0.05,0,
2.89292,-0.16666,0,4.95598e-14,0,-0.0476193,0,0.05,0,
2.89292,-0.16666,0,0,4.95598e-14,-0.0476193,0,0.05,0,
2.89292,-0.16666,0,0,0,-0.0476193,0,0.05,0,
2.89292,-0.16666,0,0,0,-0.0476193,4.95598e-14,0.05,0,
2.89292,-0.16666,0,0,0,-0.0476193,0,0.05,0,
2.89292,-0.16666,0,0,0,-0.0476193,0,0.05,4.95598e-14,
2.89292,-0.166654,0,0,0,-0.0476192,0,0.05,0,
2.89949,-0.131012,0,0,0,-0.0486006,0,0.05,0,
2.89949,-0.131006,0,0,0,-0.0486005,0,0.05,0,
2.90607,-0.0915942,0,0,0,-0.0493344,0,0.05,0,
2.90607,-0.0915895,0,0,0,-0.0493343,0,0.05,0,
2.91265,-0.0495418,0,0,0,-0.0497997,0,0.05,0,
2.91265,-0.0495378,0,0,0,-0.0497995,0,0.05,0,
2.91923,-0.00606422,0,0,0,-0.0499829,0,0.05,0,
2.91923,-0.0060611,0,0,0,-0.0499827,0,0.05,0,
2.9258,0.0375875,0,0,0,-0.049879,0,0.05,0,
2.93238,0.0801574,0,0,0,-0.0494908,0,0.05,0,
2.93896,0.120421,0,0,0,-0.0488295,0,0.05,0,
2.94553,0.157219,0,0,0,-0.0479142,0,0.05,0,
2.9532,0.194345,0,0,0,-0.0465618,0,0.05,0,
2.96087,0.223877,0,0,0,-0.044953,0,0.05,0,
2.96854,0.244658,0,0,0,-0.0431505,0,0.05,0,
2.967,0.241234,0,0,0,-0.0435239,0,0.05,0,
2.97314,0.252558,0,0,0,-0.0420067,0,0.05,0,
2.97927,0.257568,0,0,0,-0.0404395,0,0.05,0,
2.9854,0.256136,0,0,0,-0.0388614,0,0.05,0,
2.99153,0.248298,0,0,0,-0.0373118,0,0.05,0,
2.99766,0.234249,0,0,0,-0.0358293,0,0.05,0,
3.00379,0.214342,0,0,0,-0.0344512,0,0.05,0,
3.00992,0.189075,0,0,0,-0.0332119,0,0.05,0,
3.01605,0.159079,0,0,0,-0.0321423,0,0.05,0,
3.02219,0.125104,0,0,0,-0.0312693,0,0.05,0,
3.02219,0.125104,0,0,0,-0.0312693,0,0.05,0,
3.02219,0.125104,5.46932e-14,0,0,-0.0312693,0,0.05,0,
3.02219,0.125104,0,5.46932e-14,0,-0.0312693,0,0.05,0,
3.02219,0.125104,0,0,5.46932e-14,-0.0312693,0,0.05,0,
3.02219,0.125104,0,0,0,-0.0312693,0,0.05,0,
3.02219,0.125104,0,0,0,-0.0312693,5.46932e-14,0.05,0,
3.02219,0.125104,0,0,0,-0.0312693,0,0.05,0,
3.02219,0.125104,0,0,0,-0.0312693,0,0.05,5.46932e-14,
3.02219,0.125101,0,0,0,-0.0312694,0,0.05,0,
3.02832,0.0880007,0,0,0,-0.0306146,0,0.05,0,
3.02832,0.0879978,0,0,0,-0.0306148,0,0.05,0,
3.03445,0.0486966,0,0,0,-0.0301947,0,0.05,0,
3.04058,0.00817474,0,0,0,-0.03002,0,0.05,0,
3.04671,-0.0325514,0,0,0,-0.0300949,0,0.05,0,
3.05284,-0.0724632,0,0,0,-0.0304176,0,0.05,0,
3.06011,-0.117358,0,0,0,-0.0311095,0,0.05,0,
